"Value","Reference","Footprint","LCSC"
"RB017A1505A","U2","Swadge_Parts:NULL","~"
"ESP32-S2-MINI-1","U1","Swadge_Parts:ESP32-S2-MINI-1","C3013908"
"LSM6DSL","U6","Swadge_Parts:LGA-14_3x2.5mm_P0.5mm_LayoutBorder3x4y","C967633"
"R_Potentiometer_US_SMD","RV1","Swadge_Parts:RK10J11R001Y","C470765"
"INGHAi_GSPK2307P-8R1W","U9","Swadge_Parts:INGHAi GSPK2308P-8R0.5W","C530531"
"Microphone","MK1","Swadge_Parts:INGHAi_MIC_GMI4013S-2C58DB","C529870"
"Battery","BT1,BT2,BT3","Swadge_Parts:2460","~"
"RB017A1505A_Connector","U5","Swadge_Parts:HCTL HC-FPC-03-10-15RLTAG","C3012328"
"33uH_500mA","L1","Swadge_Parts:L_1210_3225Metric","C90317"
"SP0503BAHT","D11","Swadge_Parts:SOT-143","C2682275"
"SAO","J1","Swadge_Parts:PinSocket_2x03_P2.54mm_Vertical","C92272"
"B3FS-4002P","SW7,SW8","Swadge_Parts:B3FS4002P","C2929546"
"LC8812B-4020","D1,D2,D3,D4,D5,D6,D7,D8","Swadge_Parts:4020PAD","C5446701"
"USB_C_Plug_USB2.0","P1","Swadge_Parts:USB_C_Receptacle_HRO_TYPE-C-31-M-12","C2765186"
"2.2uH","L3","Swadge_Parts:L_1008_2520Metric","C216158"
"PJ-307C","J2","Swadge_Parts:PJ-307C","C16684"
"FM8002A","U8","Swadge_Parts:SOP-8_3.9x4.9mm_P1.27mm","C94625"
"D","D10,D12","Swadge_Parts:D_SMA","C22452"
"MT3410","U3","Swadge_Parts:SOT-23-5","C883494"
"Q_PMOS_GSD","Q1","Swadge_Parts:SOT-23","C2763847"
"YTS-D003-1A","SW1,SW2,SW3,SW4,SW5,SW6","Swadge_Parts:YTS-D003-1A","C2910918"
"GENERIC_LDO_2.8","U7","Swadge_Parts:SOT-23","C347374"
"SW_SPDT_1825232-1","SW9","Swadge_Parts:1825232-1","C393937"
"22μF","C2,C7,C12,C20,C22","Swadge_Parts:C_0603_1608Metric","C159801"
"0.39uF","C18","Swadge_Parts:C_0603_1608Metric","C376833"
"1μF","C1,C4,C5,C6,C11,C14,C15,C17,C19,C24","Swadge_Parts:C_0603_1608Metric","C15849"
"4.7nF","C9","Swadge_Parts:C_0603_1608Metric","C53987"
"2.2μF","C21","Swadge_Parts:C_0603_1608Metric","C282519"
"0.1μF","C3,C10,C13,C16,C23,C25","Swadge_Parts:C_0603_1608Metric","C282519"
"5.1kΩ","R27,R28","Swadge_Parts:R_0603_1608Metric","C23186"
"43kΩ","R21,R25","Swadge_Parts:R_0603_1608Metric","C23172"
"12kΩ","R3","Swadge_Parts:R_0603_1608Metric","C22790"
"33Ω","R2,R4,R8,R13,R14","Swadge_Parts:R_0603_1608Metric","C23140"
"510Ω","R10,R11,R12,R15,R16,R17","Swadge_Parts:R_0603_1608Metric","C2907048"
"20kΩ","R5,R9","Swadge_Parts:R_0603_1608Metric","C2907011"
"10kΩ","R1,R6,R7,R18,R22,R24,R26","Swadge_Parts:R_0603_1608Metric","C25804"
"~","U10","Swadge_Parts:BGA-4-.83x.83","C5439871"
