﻿pos_x,pos_y,rotation,side,designator,mpn,pack,footprint,value,mount_type
211.806016,-110.399922,100.0,bottom,BT1,,,2460,Battery,tht
155.955,-102.55,180.0,bottom,BT2,,,2460,Battery,tht
103.313985,-107.749922,-100.0,bottom,BT3,,,2460,Battery,tht
157.641261,-69.009878,172.0,bottom,C1,,,C_0603_1608Metric,1μF,smt
138.3615,-119.986,180.0,bottom,C10,,,C_0603_1608Metric,0.1μF,smt
150.7,-82.0,-90.0,bottom,C11,,,C_0603_1608Metric,1μF,smt
136.95,-123.1,180.0,bottom,C12,,,C_0603_1608Metric,22μF,smt
139.3,-125.35,-90.0,bottom,C13,,,C_0603_1608Metric,0.1μF,smt
139.3,-88.0965,180.0,bottom,C14,,,C_0603_1608Metric,1μF,smt
129.35,-88.8375,90.0,bottom,C15,,,C_0603_1608Metric,1μF,smt
150.0955,-71.078,180.0,bottom,C16,,,C_0603_1608Metric,0.1μF,smt
120.3,-117.3245,15.0,bottom,C17,,,C_0603_1608Metric,1μF,smt
142.5,-91.05,0.0,bottom,C18,,,C_0603_1608Metric,0.39uF,smt
147.45,-68.5375,-90.0,bottom,C19,,,C_0603_1608Metric,1μF,smt
176.681529,-73.305937,-8.0,bottom,C2,,,C_0603_1608Metric,22μF,smt
172.1,-91.8,180.0,bottom,C20,,,C_0603_1608Metric,22μF,smt
150.1,-124.44,0.0,bottom,C21,,,C_0603_1608Metric,2.2μF,smt
142.1875,-77.65,-90.0,bottom,C22,,,C_0603_1608Metric,22μF,smt
145.02,-67.73805,180.0,bottom,C23,,,C_0603_1608Metric,0.1μF,smt
136.2875,-131.05,150.0,bottom,C24,,,C_0603_1608Metric,1μF,smt
145.02,-69.40205,180.0,bottom,C25,,,C_0603_1608Metric,0.1μF,smt
118.7,-105.6,0.0,bottom,C26,,,C_Radial_D6.3_L5.8_P5.34,470μF,smt
176.464975,-74.846794,-8.0,bottom,C3,,,C_0603_1608Metric,0.1μF,smt
195.3375,-117.65,-15.0,bottom,C4,,,C_0603_1608Metric,1μF,smt
154.3425,-68.9,180.0,bottom,C5,,,C_0603_1608Metric,1μF,smt
117.766554,-125.521662,-165.0,bottom,C6,,,C_0603_1608Metric,1μF,smt
118.80859,-127.817234,-75.0,bottom,C7,,,C_0603_1608Metric,22μF,smt
181.5,-91.8,180.0,bottom,C9,,,C_0603_1608Metric,4.7nF,smt
195.539239,-116.098782,165.0,top,D1,,,4020PAD,LC8812B-4020,smt
146.3,-82.6,0.0,bottom,D10,,,D_SMA,D,smt
182.693973,-127.576626,-105.0,bottom,D11,,,SOT-143,SP0503BAHT,smt
179.124727,-130.825352,-15.0,bottom,D12,,,D_SMA,D,smt
209.974804,-78.738536,-30.0,top,D2,,,4020PAD,LC8812B-4020,smt
156.543,-67.5,0.0,top,D3,,,4020PAD,LC8812B-4020,smt
98.396505,-82.359248,40.0,top,D4,,,4020PAD,LC8812B-4020,smt
119.468378,-115.717754,-165.0,top,D5,,,4020PAD,LC8812B-4020,smt
104.407155,-133.672057,-38.0,top,D6,,,4020PAD,LC8812B-4020,smt
137.324803,-129.9215,-30.0,top,D7,,,4020PAD,LC8812B-4020,smt
170.302164,-117.652375,144.0,top,D8,,,4020PAD,LC8812B-4020,smt
214.66534,-132.646505,130.0,top,D9,,,4020PAD,LC8812B-4020,smt
181.596476,-71.203724,77.0,top,J1,,,PinSocket_2x03_P2.54mm_Vertical,SAO,tht
132.309296,-68.084562,-170.0,bottom,J2,,,PJ-307C,PJ-307C,tht
191.979048,-71.443256,-107.0,bottom,J3,,,PinHeader_1x05_P2.54mm_Vertical,PGM,smt
144.6,-78.4,90.0,bottom,L1,,,L_1210_3225Metric,33uH_500mA,smt
119.343449,-131.67943,15.0,bottom,L3,,,L_1008_2520Metric,2.2uH,smt
177.7,-103.4,0.0,top,MK1,,,INGHAi_MIC_GMI4013S-2C58DB,Microphone,smt
81.775014,-62.336748,0.0,top,N1,,,hotdog-outline,Board Outline,smt
81.95,-62.4375,0.0,top,N2,,,condiment,Condiment Acrylic,smt
187.017097,-136.50525,165.0,bottom,P1,,,USB_C_Receptacle_HRO_TYPE-C-31-M-12,USB_C_Plug_USB2.0,smt
148.1,-78.9,180.0,bottom,Q1,,,SOT-23,Q_PMOS_GSD,smt
157.362914,-70.990414,-8.0,bottom,R1,,,R_0603_1608Metric,10kΩ,smt
218.895882,-92.596931,-80.0,bottom,R10,,,R_0603_1608Metric,510Ω,smt
199.406702,-96.374824,-80.0,bottom,R11,,,R_0603_1608Metric,510Ω,smt
198.316016,-110.221113,-74.0,bottom,R12,,,R_0603_1608Metric,510Ω,smt
188.216761,-128.148248,-105.0,bottom,R13,,,R_0603_1608Metric,33Ω,smt
190.148611,-128.665886,-105.0,bottom,R14,,,R_0603_1608Metric,33Ω,smt
202.525825,-116.490077,-39.0,bottom,R15,,,R_0603_1608Metric,510Ω,smt
225.235221,-107.529645,-90.0,bottom,R16,,,R_0603_1608Metric,510Ω,smt
197.567666,-102.203459,-15.0,bottom,R17,,,R_0603_1608Metric,510Ω,smt
141.65,-117.62,0.0,bottom,R18,,,R_0603_1608Metric,5.1kΩ,smt
138.7,-77.6375,90.0,bottom,R19,,,R_0603_1608Metric,120Ω,smt
175.25,-91.8,180.0,bottom,R2,,,R_0603_1608Metric,33Ω,smt
123.537433,-130.445371,105.0,bottom,R21,,,R_0603_1608Metric,43kΩ,smt
124.759731,-128.892826,105.0,bottom,R22,,,R_0603_1608Metric,10kΩ,smt
123.827997,-125.945494,105.0,bottom,R24,,,R_0603_1608Metric,10kΩ,smt
120.776233,-124.728162,-165.0,bottom,R25,,,R_0603_1608Metric,43kΩ,smt
140.444,-77.65,-90.0,bottom,R26,,,R_0603_1608Metric,10kΩ,smt
186.284909,-127.63061,-105.0,bottom,R27,,,R_0603_1608Metric,5.1kΩ,smt
192.080464,-129.183525,-105.0,bottom,R28,,,R_0603_1608Metric,5.1kΩ,smt
178.4,-91.8,0.0,bottom,R3,,,R_0603_1608Metric,12kΩ,smt
193.55,-113.0625,90.0,bottom,R4,,,R_0603_1608Metric,33Ω,smt
136.1745,-85.59,0.0,bottom,R5,,,R_0603_1608Metric,20kΩ,smt
145.15,-117.62,0.0,bottom,R6,,,R_0603_1608Metric,5.1kΩ,smt
150.7,-78.9,90.0,bottom,R7,,,R_0603_1608Metric,10kΩ,smt
136.95,-124.7,180.0,bottom,R8,,,R_0603_1608Metric,33Ω,smt
139.3,-91.05,180.0,bottom,R9,,,R_0603_1608Metric,20kΩ,smt
118.866524,-73.302024,-152.0,bottom,RV1,,,RK10J11R001Y,R_Potentiometer_US_SMD,tht
105.793146,-91.593145,-45.0,top,SW1,,,YTS-D003-1A,YTS-D003-1A,smt
111.45,-97.25,-135.0,top,SW2,,,YTS-D003-1A,YTS-D003-1A,smt
100.136291,-97.25,45.0,top,SW3,,,YTS-D003-1A,YTS-D003-1A,smt
105.793146,-102.906854,135.0,top,SW4,,,YTS-D003-1A,YTS-D003-1A,smt
123.071451,-108.769332,-170.0,top,SW5,,,YTS-D003-1A,YTS-D003-1A,smt
121.835076,-101.757501,-170.0,top,SW6,,,YTS-D003-1A,YTS-D003-1A,smt
183.519015,-91.518993,110.0,top,SW7,,,B3FS4002P,B3FS-4002P,smt
195.119015,-85.968993,110.0,top,SW8,,,B3FS4002P,B3FS-4002P,smt
123.168148,-134.767638,-165.0,bottom,SW9,,,1825232-1,SW_SPDT_1825232-1,tht
166.346875,-77.070689,172.0,bottom,U1,,,ESP32-S2-MINI-1,ESP32-S2-MINI-1,smt
147.88,-124.5,180.0,bottom,U10,,,BGA-4-.83x.83,~,smt
69.033476,-217.44825,0.0,top,U2,,,NULL,RB017A1505A,tht
121.460602,-127.378853,105.0,bottom,U3,,,SOT-23-5,MT3410,smt
142.3,-70.91,0.0,top,U5,,,HCTL HC-FPC-03-10-15RLTAG,RB017A1505A_Connector,smt
140.324,-122.2735,180.0,bottom,U6,,,LGA-14_3x2.5mm_P0.5mm_LayoutBorder3x4y,LSM6DSL,smt
150.046,-68.468,0.0,bottom,U7,,,SOT-23,GENERIC_LDO_2.8,smt
133.981,-89.099,180.0,bottom,U8,,,SOP-8_3.9x4.9mm_P1.27mm,FM8002A,smt
123.056852,-85.58832,-3.0,top,U9,,,INGHAi GSPK2308P-8R0.5W,INGHAi_GSPK2307P-8R1W,tht
