﻿Designator,Quantity,Value,Footprint,Package,MPN,DNP,Mount_Type,Digikey,Cost100,Substitutable,Notes,Cost @ 2.5k,LCSC,Description
"BT1, BT2, BT3",3,Battery,2460,,,,tht,36-2460-ND,116,Y,"Use through-hole AA Battery Holder in Style of Keystone 2460. Two fins hold batteries, not four fins.",0.11,,
"C1, C11, C14, C15, C17, C19, C24, C4, C5, C6",10,1μF,C_0603_1608Metric,,,,smt,,10,Y,,0.0035,C15849,
"C10, C13, C16, C23, C25, C3",6,0.1μF,C_0603_1608Metric,,,,smt,,10,Y,,0.0015,C282519,
"C12, C2, C20, C22, C7",5,22μF,C_0603_1608Metric,,,,smt,,10,Y,,0.0079,C159801,
C18,1,0.39uF,C_0603_1608Metric,,,,smt,,10,Y,,0.0071,C376833,
C21,1,2.2μF,C_0603_1608Metric,,,,smt,,10,Y,,0.0015,C282519,
C26,1,470μF,C_Radial_D4_L5.4_P3.321,,,,smt,,510,Y,,0.0147,C2895732,"Polarized capacitor, US symbol"
C9,1,4.7nF,C_0603_1608Metric,,,,smt,,10,Y,,0.002,C53987,
"D1, D2, D3, D4, D5, D6, D7, D8, D9",9,LC8812B-4020,4020PAD,,,,smt,,,Y,,0.0352,C5446701,
"D10, D12",2,D,D_SMA,,,,smt,2616-GS1J-ND,9,Y,,0.0254,C22452,
D11,1,SP0503BAHT,SOT-143,,,,smt,F2715CT-ND,95,Y,,0.0481,C2682275,
J1,1,SAO,PinSocket_2x03_P2.54mm_Vertical,,,,tht,SFH11-PBPC-D03-ST-BK-ND,0.0109,Y,DNP,0.0471,C92272,
J2,1,PJ-307C,PJ-307C,,,,tht,,,,,0.0261,C16684,
L1,1,33uH_500mA,L_1210_3225Metric,,,,smt,,11.16,Y,,0.0545,C90317,
L3,1,2.2uH,L_1008_2520Metric,,,,smt,,0.019,Y,,0.0331,C216158,
MK1,1,Microphone,INGHAi_MIC_GMI4013S-2C58DB,,,,smt,,0.11,N,DNP,0.1825,C529870,
P1,1,USB_C_Plug_USB2.0,USB_C_Receptacle_HRO_TYPE-C-31-M-12,,,,tht,,7.19,Y,https://www.usb.org/sites/default/files/documents/usb_type-c.zip,0.0334,C2765186,
Q1,1,Q_PMOS_GSD,SOT-23,,,,smt,,1.54,Y,,0.0226,C2763847,
"R1, R22, R24, R26, R7",5,10kΩ,R_0603_1608Metric,,,,smt,,10,Y,,0.0007,C25804,
"R10, R11, R12, R15, R16, R17",6,510Ω,R_0603_1608Metric,,,,smt,,10,Y,,0.0007,C2907048,
"R13, R14, R2, R4, R8",5,33Ω,R_0603_1608Metric,,,,smt,,10,Y,,0.0008,C23140,
"R18, R27, R28, R6",4,5.1kΩ,R_0603_1608Metric,,,,smt,,10,Y,,"[R6]0.0007; [R27,R28]0.0008",C23186,
"R21, R25",2,43kΩ,R_0603_1608Metric,,,,smt,,10,Y,,0.0008,C23172,
R3,1,12kΩ,R_0603_1608Metric,,,,smt,,10,Y,,0.0008,C22790,
"R5, R9",2,20kΩ,R_0603_1608Metric,,,,smt,,10,Y,,0.0007,C2907011,
RV1,1,R_Potentiometer_US_SMD,RK10J11R001Y,,,,smt,,,,,0.514,C3020613,RK10J11R0A0L
"SW1, SW2, SW3, SW4, SW5, SW6",6,YTS-D003-1A,YTS-D003-1A,,,,smt,2223-TS04-66-65-BK-100-SMT-ND,1,Y,Use low operating force (100gf) SMT box tactile buttons,0.0155,C2910918,
"SW7, SW8",2,B3FS-4002P,B3FS4002P,,,,smt,SW1278CT-ND,76,Y,Use standard 12mmx12mm SMT box tactile buttons with flat top. Similar to TS-1103S-B-A.,0.0461,C2929546,
SW9,1,SW_SPDT_1825232-1,1825232-1,,,,tht,A107673-ND,45,Y,Use SPDT slide switch. Similar to 1825232-1,0.0123,C393937,
U1,1,ESP32-S2-MINI-1,ESP32-S2-MINI-1,,,,smt,,,,"Use module w. 4MB Flash, 2MB PSRAM (N4R2)",2.0267,C3013908,
U10,1,~,BGA-4-.83x.83,,,,smt,,0.2184,N,,,C5439871,3D MAGNETIC SENSOR 3V3
U2,1,RB017A1505A,NULL,,,,tht,http://www.ronboe.com/index.html,250,N,Display,3.00,,
U3,1,MT3410,SOT-23-5,,,,smt,,6.19,Y,"May be FP6396, M3406, LP3220S, etc...",0.0237,C883494,
U5,1,RB017A1505A_Connector,HCTL HC-FPC-03-10-15RLTAG,,,,smt,A141392TR-ND,6,Y,,0.0688,C3012328,
U6,1,LSM6DSL,LGA-14_3x2.5mm_P0.5mm_LayoutBorder3x4y,,,,smt,,,,,0.5171,C967633,
U7,1,GENERIC_LDO_2.8,SOT-23,,,,smt,,,Y,,0.0123,C347374,
U8,1,FM8002A,SOP-8_3.9x4.9mm_P1.27mm,,,,smt,,,,,0.0258,C94625,Mono Audio Amplifier
U9,1,INGHAi_GSPK2307P-8R1W,INGHAi GSPK2308P-8R0.5W,,,,tht,102-2500-ND,54,Y,,0.412,C530531,
